car_name,car_details_url,car_price,car_mileage,car_registration_model,car_emission_class,car_body_type,car_seating_capacity,car_engine_type,car_fuel_type,car_images
Volkswagen Caddy Maxi Life,https://www.autotrader.co.uk/car-details/202309021487002?sort=relevance&advertising-location=at_cars&include-delivery-option=on&make=Volkswagen&model=Caddy%20Maxi%20Life&page=1&postcode=SW1W%200NY&fromsra,"£4,450","170,000 miles (Above Average: 67,403 miles )",2009 (59 reg),Euro 4,MPV,7,1.9L,Diesel,"https://m.atcdn.co.uk/a/media/w768/4c619544229d4f86935ee44f33093111.jpg, https://m.atcdn.co.uk/a/media/w768/b75ecbf5fd7148f988e100c9b4eb0002.jpg, https://m.atcdn.co.uk/a/media/w768/4285f326d382436e84ba8c53f170adb3.jpg, https://m.atcdn.co.uk/a/media/w768/d6bd91096f724e658fd37eaf24009c58.jpg"
Volkswagen Caddy Maxi Life,https://www.autotrader.co.uk/car-details/202304126217911?sort=relevance&advertising-location=at_cars&include-delivery-option=on&make=Volkswagen&model=Caddy%20Maxi%20Life&page=1&postcode=SW1W%200NY&fromsra,"£11,990","46,000 miles (Above Average: 13,634 miles )",2015 (65 reg),Euro 5,MPV,5,1.6L,Diesel,"https://m.atcdn.co.uk/a/media/w768/ed57409e16884272b245bc29f3a6a157.jpg, https://m.atcdn.co.uk/a/media/w768/50745e9aea0b4a00bc8c1ef16ab39eda.jpg, https://m.atcdn.co.uk/a/media/w768/4bd7c9a84c75494cb9551d091be44813.jpg, https://m.atcdn.co.uk/a/media/w768/13414ccf283a42babc4a64fd347b6ca5.jpg"
Volkswagen Caddy Maxi Life,https://www.autotrader.co.uk/car-details/202306309107997?sort=relevance&advertising-location=at_cars&include-delivery-option=on&make=Volkswagen&model=Caddy%20Maxi%20Life&page=1&postcode=SW1W%200NY&fromsra,"£9,990","91,000 miles (Above Average: 15,579 miles )",2013 (13 reg),Euro 5,MPV,7,1.6L,Diesel,"https://m.atcdn.co.uk/a/media/w768/528c4073b0df4c9a8e668cd44c4fdbf2.jpg, https://m.atcdn.co.uk/a/media/w768/c6ad4c841d45420d8a5fd17802b79df9.jpg, https://m.atcdn.co.uk/a/media/w768/053bcad4753b40feab31710522df5adf.jpg, https://m.atcdn.co.uk/a/media/w768/545b59c896f948da9783aa68f63b83da.jpg"
Volkswagen Caddy Maxi Life,https://www.autotrader.co.uk/car-details/202303215460285?sort=relevance&advertising-location=at_cars&include-delivery-option=on&make=Volkswagen&model=Caddy%20Maxi%20Life&page=1&postcode=SW1W%200NY&fromsra,"£9,495","18,890 miles (Above Average: 73,664 miles )",2010 (11 reg),Euro 4,MPV,3,1.9L,Diesel,"https://m.atcdn.co.uk/a/media/w768/5470b19634184ccfb8ca36962232673a.jpg, https://m.atcdn.co.uk/a/media/w768/2f6971f9af2f4533b2a1efacf594303f.jpg, https://m.atcdn.co.uk/a/media/w768/5c40272078c44382900eaf6374f6a9df.jpg, https://m.atcdn.co.uk/a/media/w768/ec5afcb1182e485187ffd1788c1fe29c.jpg"
Volkswagen Caddy Maxi Life,https://www.autotrader.co.uk/car-details/202302204462193?sort=relevance&advertising-location=at_cars&include-delivery-option=on&make=Volkswagen&model=Caddy%20Maxi%20Life&page=1&postcode=SW1W%200NY&fromsra,"£12,999","73,100 miles (Above Average: 8,264 miles )",2014 (64 reg),Euro 5,MPV,5,1.6L,Diesel,"https://m.atcdn.co.uk/a/media/w768/10f54c19935c4574abd1079c6d8e081b.jpg, https://m.atcdn.co.uk/a/media/w768/c5d28bbef7b54e148e70cc7a0654c55b.jpg, https://m.atcdn.co.uk/a/media/w768/ab42a00f8b7a406a8ba8db1d0baf0913.jpg, https://m.atcdn.co.uk/a/media/w768/44ddb3ff7b414bce857b5b45f2bc3a9c.jpg"
Volkswagen Caddy Maxi Life,https://www.autotrader.co.uk/car-details/202304266694812?sort=relevance&advertising-location=at_cars&include-delivery-option=on&make=Volkswagen&model=Caddy%20Maxi%20Life&page=1&postcode=SW1W%200NY&fromsra,"£15,990","42,000 miles (Above Average: 1,827 miles )",2018 (67 reg),Euro 6,MPV,5,2.0L,Diesel,"https://m.atcdn.co.uk/a/media/w768/ace0025c8cb842b99efd7119f6596969.jpg, https://m.atcdn.co.uk/a/media/w768/202510faca3a4a2c8b621ed86e0196a1.jpg, https://m.atcdn.co.uk/a/media/w768/2483d0c4d05b476ab6d515db5af8fc74.jpg, https://m.atcdn.co.uk/a/media/w768/198ac36f9b6c435a8d3dac12c5afed8e.jpg"
Volkswagen Caddy Maxi,https://www.autotrader.co.uk/car-details/202302224532889?sort=relevance&advertising-location=at_cars&include-delivery-option=on&make=Volkswagen&model=Caddy%20Maxi%20Life&page=1&postcode=SW1W%200NY&fromsra,"£16,999","41,985 miles (Above Average: 3,529 miles )",2017 (17 reg),Euro 6,MPV,5,2.0L,Diesel,"https://m.atcdn.co.uk/a/media/w768/fbf44096bd684d31a35b519b44243b54.jpg, https://m.atcdn.co.uk/a/media/w768/4c08c2ee31f14042ab3664549afd802f.jpg, https://m.atcdn.co.uk/a/media/w768/b2005e2a50a94b6db87ddda6cfbb1cbe.jpg, https://m.atcdn.co.uk/a/media/w768/bc057686d4464b95b45eed6344e7b9ef.jpg"
Volkswagen Caddy Maxi Life,https://www.autotrader.co.uk/car-details/202308160870836?sort=relevance&advertising-location=at_cars&include-delivery-option=on&make=Volkswagen&model=Caddy%20Maxi%20Life&page=1&postcode=SW1W%200NY&fromsra,"£7,988","99,000 miles (Above Average: 16,931 miles )",2012 (12 reg),Euro 5,MPV,7,1.6L,Diesel,"https://m.atcdn.co.uk/a/media/w768/0fbb78427fa34d9da6b282b20b27898c.jpg, https://m.atcdn.co.uk/a/media/w768/e222f5886593441ab0ac2cab354a7b52.jpg, https://m.atcdn.co.uk/a/media/w768/fdc2ddb597ff43698e5100662dd5a527.jpg, https://m.atcdn.co.uk/a/media/w768/1dc771cfdd324f6a895effbc224c0198.jpg"
Volkswagen Caddy Maxi Life,https://www.autotrader.co.uk/car-details/202308140767060?sort=relevance&advertising-location=at_cars&include-delivery-option=on&make=Volkswagen&model=Caddy%20Maxi%20Life&page=1&postcode=SW1W%200NY&fromsra,"£17,495","46,000 miles (Above Average: 6,745 miles )",2016 (16 reg),Euro 6,MPV,7,2.0L,Diesel,"https://m.atcdn.co.uk/a/media/w768/ebf837e6c9384319b97d03335c9c8adf.jpg, https://m.atcdn.co.uk/a/media/w768/0ca084841a334c90b192b0a80b311a11.jpg, https://m.atcdn.co.uk/a/media/w768/73cc8bc4b20e4c87be436b48c09f4045.jpg, https://m.atcdn.co.uk/a/media/w768/9480db7985e6471cb01bc08940643bb4.jpg"
Volkswagen Caddy Maxi Life,https://www.autotrader.co.uk/car-details/202309162052033?journey=PROMOTED_LISTING_JOURNEY&sort=relevance&advertising-location=at_cars&include-delivery-option=on&make=Volkswagen&model=Caddy%20Maxi%20Life&page=1&postcode=SW1W%200NY&fromsra,"£7,988","184,000 miles (Above Average: 114,464 miles )",2014 (14 reg),Euro 5,MPV,7,1.6L,Diesel,"https://m.atcdn.co.uk/a/media/w768/f5c7b670e07a43f2a2321e69570af351.jpg, https://m.atcdn.co.uk/a/media/w768/473f9bb917004a159a7e18a6498098cc.jpg, https://m.atcdn.co.uk/a/media/w768/dd7420c36959404e9d840567d86c7057.jpg, https://m.atcdn.co.uk/a/media/w768/a56e8430245340bca4aeae59ff83c734.jpg"
Vauxhall Combo Life,https://www.autotrader.co.uk/car-details/202307250054354?journey=YOU_MAY_ALSO_LIKE_JOURNEY&sort=relevance&advertising-location=at_cars&include-delivery-option=on&make=Volkswagen&model=Caddy%20Maxi%20Life&page=1&postcode=SW1W%200NY&fromsra,"£14,069","41,566 miles (Above Average: 28,617 miles )",2021 (70 reg),Euro 6,MPV,5,1.2L,Petrol,"https://m.atcdn.co.uk/a/media/w768/f9f26cee0c2d442a8e65e010e081da90.jpg, https://m.atcdn.co.uk/a/media/w768/24adaf5af78746848252be526a9cc617.jpg, https://m.atcdn.co.uk/a/media/w768/b35fe4fcc35141d190a998a9c22088fe.jpg, https://m.atcdn.co.uk/a/media/w768/58ece8e20638492ba698607d5c48cc47.jpg"
Volkswagen Caddy Maxi Life,https://www.autotrader.co.uk/car-details/202309162052033?sort=relevance&advertising-location=at_cars&include-delivery-option=on&make=Volkswagen&model=Caddy%20Maxi%20Life&page=2&postcode=SW1W%200NY&fromsra,"£7,988","184,000 miles (Above Average: 114,464 miles )",2014 (14 reg),Euro 5,MPV,7,1.6L,Diesel,"https://m.atcdn.co.uk/a/media/w768/f5c7b670e07a43f2a2321e69570af351.jpg, https://m.atcdn.co.uk/a/media/w768/473f9bb917004a159a7e18a6498098cc.jpg, https://m.atcdn.co.uk/a/media/w768/dd7420c36959404e9d840567d86c7057.jpg, https://m.atcdn.co.uk/a/media/w768/a56e8430245340bca4aeae59ff83c734.jpg"
Volkswagen Caddy Maxi,https://www.autotrader.co.uk/car-details/202310193136937?sort=relevance&advertising-location=at_cars&include-delivery-option=on&make=Volkswagen&model=Caddy%20Maxi%20Life&page=2&postcode=SW1W%200NY&fromsra,"£13,990","53,000 miles (Above Average: 5,087 miles )",2015 (65 reg),Euro 5,MPV,5,1.6L,Diesel,"https://m.atcdn.co.uk/a/media/w768/78ebe9a1ba17498cb8617f5a517bd47e.jpg, https://m.atcdn.co.uk/a/media/w768/37097d37fcb9404db9d615ea9aaac8f0.jpg, https://m.atcdn.co.uk/a/media/w768/4543462c3b2e4098a773dd5b05c18147.jpg, https://m.atcdn.co.uk/a/media/w768/12e5c520d42841c9aa849f2296ce68ba.jpg"
Volkswagen Caddy Maxi Life,https://www.autotrader.co.uk/car-details/202308020357710?sort=relevance&advertising-location=at_cars&include-delivery-option=on&make=Volkswagen&model=Caddy%20Maxi%20Life&page=2&postcode=SW1W%200NY&fromsra,"£10,000","121,000 miles (Above Average: 31,575 miles )",2012 (61 reg),Euro 5,Combi Van,5,1.6L,Diesel,"https://m.atcdn.co.uk/a/media/w768/0ae88e756dd44fbc89ece95d70cc3fcb.jpg, https://m.atcdn.co.uk/a/media/w768/985b0b1319344461ae09fd3dc9886e5e.jpg, https://m.atcdn.co.uk/a/media/w768/196e5b8c5b0044fda85daa7501fd80f7.jpg, https://m.atcdn.co.uk/a/media/w768/485c3356851d4554a9c23207c8fa68f9.jpg"
Volkswagen Caddy Maxi Life,https://www.autotrader.co.uk/car-details/202212072343408?sort=relevance&advertising-location=at_cars&include-delivery-option=on&make=Volkswagen&model=Caddy%20Maxi%20Life&page=2&postcode=SW1W%200NY&fromsra,"£14,000","107,900 miles (Above Average: 41,437 miles )",2014 (64 reg),Euro 5,MPV,5,1.6L,Diesel,"https://m.atcdn.co.uk/a/media/w768/2526ab07f5c548339ec21825fedc7c4b.jpg, https://m.atcdn.co.uk/a/media/w768/555cdd92cc3e44638038cb4520bc7067.jpg, https://m.atcdn.co.uk/a/media/w768/88a184476c3f4780a0a40432f407b016.jpg, https://m.atcdn.co.uk/a/media/w768/e68e982b7ec04d168b15b5d5a3e0d37d.jpg"
Volkswagen Caddy Maxi Life,https://www.autotrader.co.uk/car-details/202310022559717?sort=relevance&advertising-location=at_cars&include-delivery-option=on&make=Volkswagen&model=Caddy%20Maxi%20Life&page=2&postcode=SW1W%200NY&fromsra,"£24,990","55,689 miles (Above Average: 23,150 miles )",2019 (19 reg),Euro 6,MPV,7,2.0L,Diesel,"https://m.atcdn.co.uk/a/media/w768/55f72bb9391140dc987692af21806977.jpg, https://m.atcdn.co.uk/a/media/w768/f357ad464a9e4f36b3fa8879947dee97.jpg, https://m.atcdn.co.uk/a/media/w768/c3318f5b2341464592b5affd0f196cac.jpg, https://m.atcdn.co.uk/a/media/w768/4ac014e01a6345e4a1264b4d134677ec.jpg"
Volkswagen Caddy Maxi Life,https://www.autotrader.co.uk/car-details/202310183125999?sort=relevance&advertising-location=at_cars&include-delivery-option=on&make=Volkswagen&model=Caddy%20Maxi%20Life&page=2&postcode=SW1W%200NY&fromsra,"£13,492","66,681 miles (Above Average: 606 miles )",2014 (14 reg),Euro 5,MPV,7,1.6L,Diesel,"https://m.atcdn.co.uk/a/media/w768/07cde8a109664684be0ab44ee8e69f19.jpg, https://m.atcdn.co.uk/a/media/w768/46780abbca674b939f992f22c0de6006.jpg, https://m.atcdn.co.uk/a/media/w768/8da2ab228f1a44beaf7518c34c381107.jpg, https://m.atcdn.co.uk/a/media/w768/766284573747472e92cbd86a56112621.jpg"
Volkswagen Caddy Maxi Life,https://www.autotrader.co.uk/car-details/202310082788184?sort=relevance&advertising-location=at_cars&include-delivery-option=on&make=Volkswagen&model=Caddy%20Maxi%20Life&page=2&postcode=SW1W%200NY&fromsra,"£13,690","37,530 miles (Above Average: 27,728 miles )",2014 (64 reg),Euro 5,MPV,5,1.6L,Diesel,"https://m.atcdn.co.uk/a/media/w768/89456de9f6e148538694f407f0d04626.jpg, https://m.atcdn.co.uk/a/media/w768/e564a2a39ce64cad95e7490edba1f824.jpg, https://m.atcdn.co.uk/a/media/w768/98bcadcf77c04a7eb07ffb89f95bab79.jpg, https://m.atcdn.co.uk/a/media/w768/df6c3515a2504b3283e95a0582021c8a.jpg"
Volkswagen Caddy Maxi,https://www.autotrader.co.uk/car-details/202310062727381?sort=relevance&advertising-location=at_cars&include-delivery-option=on&make=Volkswagen&model=Caddy%20Maxi%20Life&page=2&postcode=SW1W%200NY&fromsra,"£16,470","77,712 miles (Above Average: 32,218 miles )",2017 (17 reg),Euro 6,MPV,7,2.0L,Diesel,"https://m.atcdn.co.uk/a/media/w768/0d2b1ca03b5b4c6087d0dc1758466635.jpg, https://m.atcdn.co.uk/a/media/w768/6f9fa9d3b773444db2c04f0446d25c4e.jpg, https://m.atcdn.co.uk/a/media/w768/8fa448590a7d4f1da2734163d958b80e.jpg, https://m.atcdn.co.uk/a/media/w768/8ea76ca5c63f48af9428bbea13e79407.jpg"
Volkswagen Caddy Maxi Life,https://www.autotrader.co.uk/car-details/202309262366244?sort=relevance&advertising-location=at_cars&include-delivery-option=on&make=Volkswagen&model=Caddy%20Maxi%20Life&page=2&postcode=SW1W%200NY&fromsra,"£19,058","44,137 miles (Above Average: 4,810 miles )",2018 (18 reg),Euro 6,MPV,7,2.0L,Diesel,"https://m.atcdn.co.uk/a/media/w768/6bbd49ef8dd1473193359ac29fff4e30.jpg, https://m.atcdn.co.uk/a/media/w768/3895fde5e5114a19abe516aabfd8bfde.jpg, https://m.atcdn.co.uk/a/media/w768/e64d99c987ba444bacc8b101ec2ea74c.jpg, https://m.atcdn.co.uk/a/media/w768/b9b446ffe021408ea6783798b904510d.jpg"
Volkswagen Caddy Maxi,https://www.autotrader.co.uk/car-details/202310062727381?journey=PROMOTED_LISTING_JOURNEY&sort=relevance&advertising-location=at_cars&include-delivery-option=on&make=Volkswagen&model=Caddy%20Maxi%20Life&page=2&postcode=SW1W%200NY&fromsra,"£16,470","77,712 miles (Above Average: 32,218 miles )",2017 (17 reg),Euro 6,MPV,7,2.0L,Diesel,"https://m.atcdn.co.uk/a/media/w768/0d2b1ca03b5b4c6087d0dc1758466635.jpg, https://m.atcdn.co.uk/a/media/w768/6f9fa9d3b773444db2c04f0446d25c4e.jpg, https://m.atcdn.co.uk/a/media/w768/8fa448590a7d4f1da2734163d958b80e.jpg, https://m.atcdn.co.uk/a/media/w768/8ea76ca5c63f48af9428bbea13e79407.jpg"
Vauxhall Combo Life,https://www.autotrader.co.uk/car-details/202307250054354?journey=YOU_MAY_ALSO_LIKE_JOURNEY&sort=relevance&advertising-location=at_cars&include-delivery-option=on&make=Volkswagen&model=Caddy%20Maxi%20Life&page=2&postcode=SW1W%200NY&fromsra,"£14,069","41,566 miles (Above Average: 28,617 miles )",2021 (70 reg),Euro 6,MPV,5,1.2L,Petrol,"https://m.atcdn.co.uk/a/media/w768/f9f26cee0c2d442a8e65e010e081da90.jpg, https://m.atcdn.co.uk/a/media/w768/24adaf5af78746848252be526a9cc617.jpg, https://m.atcdn.co.uk/a/media/w768/b35fe4fcc35141d190a998a9c22088fe.jpg, https://m.atcdn.co.uk/a/media/w768/58ece8e20638492ba698607d5c48cc47.jpg"
Volkswagen Caddy Maxi Life,https://www.autotrader.co.uk/car-details/202309302533463?sort=relevance&advertising-location=at_cars&include-delivery-option=on&make=Volkswagen&model=Caddy%20Maxi%20Life&page=3&postcode=SW1W%200NY&fromsra,"£12,995","75,800 miles (Above Average: 28,619 miles )",2017 (17 reg),Euro 6,MPV,7,2.0L,Diesel,"https://m.atcdn.co.uk/a/media/w768/026cf26486224c65b9edc0d3a2739fe5.jpg, https://m.atcdn.co.uk/a/media/w768/c675653e75d94395aed3285a5927c070.jpg, https://m.atcdn.co.uk/a/media/w768/d76f4a2e6ad64dd5a61f0c4003e9d048.jpg, https://m.atcdn.co.uk/a/media/w768/0ad0a4f1d81c4eb4a47f16aff5c3f76d.jpg"
Volkswagen Caddy Maxi,https://www.autotrader.co.uk/car-details/202310092813876?sort=relevance&advertising-location=at_cars&include-delivery-option=on&make=Volkswagen&model=Caddy%20Maxi%20Life&page=3&postcode=SW1W%200NY&fromsra,"£8,989","88,607 miles (Above Average: 6,136 miles )",2012 (12 reg),Euro 5,MPV,7,1.6L,Diesel,"https://m.atcdn.co.uk/a/media/w768/817997655dcc4cbcb4d0c2eae99d98b2.jpg, https://m.atcdn.co.uk/a/media/w768/543fc0582c0d46d29013ce61598456ae.jpg, https://m.atcdn.co.uk/a/media/w768/002ffb7ebadd4cb188ae03e806ec6fef.jpg, https://m.atcdn.co.uk/a/media/w768/15ec0d58a2a14dc3961c6fa80dac72ab.jpg"
Volkswagen Caddy Maxi Life,https://www.autotrader.co.uk/car-details/202310203183888?sort=relevance&advertising-location=at_cars&include-delivery-option=on&make=Volkswagen&model=Caddy%20Maxi%20Life&page=3&postcode=SW1W%200NY&fromsra,"£20,945","36,956 miles (Above Average: 9,361 miles )",2017 (17 reg),Euro 6,MPV,7,2.0L,Diesel,https://m.atcdn.co.uk/a/media/w768/38a11d077430462fa59ba1711778309e.jpg
Volkswagen Caddy Maxi Life,https://www.autotrader.co.uk/car-details/202310032612888?sort=relevance&advertising-location=at_cars&include-delivery-option=on&make=Volkswagen&model=Caddy%20Maxi%20Life&page=3&postcode=SW1W%200NY&fromsra,"£24,888","14,759 miles (Above Average: 7,074 miles )",2020 (70 reg),Euro 6,MPV,7,2.0L,Diesel,"https://m.atcdn.co.uk/a/media/w768/cab4f85852774188a4310e537f021435.jpg, https://m.atcdn.co.uk/a/media/w768/e183268101404798a8f376f76ba97705.jpg, https://m.atcdn.co.uk/a/media/w768/80d5dbddb6da4af59b7d6130b4c0242e.jpg, https://m.atcdn.co.uk/a/media/w768/6afd00cdf15142d78e589fff13a5f3ed.jpg"
Volkswagen Caddy Maxi Life,https://www.autotrader.co.uk/car-details/202310092819303?sort=relevance&advertising-location=at_cars&include-delivery-option=on&make=Volkswagen&model=Caddy%20Maxi%20Life&page=3&postcode=SW1W%200NY&fromsra,"£22,440","11,470 miles (Above Average: 18,297 miles )",2019 (69 reg),Euro 6,MPV,5,2.0L,Diesel,https://m.atcdn.co.uk/a/media/w768/8b3f8c64eb714c84a30a52a5ca87c1df.jpg
Volkswagen Caddy Maxi Life,https://www.autotrader.co.uk/car-details/202309081720546?sort=relevance&advertising-location=at_cars&include-delivery-option=on&make=Volkswagen&model=Caddy%20Maxi%20Life&page=3&postcode=SW1W%200NY&fromsra,"£8,995","119,842 miles (Above Average: 54,926 miles )",2014 (64 reg),Euro 5,MPV,7,1.6L,Diesel,"https://m.atcdn.co.uk/a/media/w768/5295003053bb40c7bd9eb7ba997587ea.jpg, https://m.atcdn.co.uk/a/media/w768/99a6796f0ad744949176a99fb86ff5aa.jpg, https://m.atcdn.co.uk/a/media/w768/9365e1cd1d544415bca5df7fb708c251.jpg, https://m.atcdn.co.uk/a/media/w768/cfe4ea454ba54698b024ca221c8d7180.jpg"
Volkswagen Caddy Maxi Life,https://www.autotrader.co.uk/car-details/202310203181465?sort=relevance&advertising-location=at_cars&include-delivery-option=on&make=Volkswagen&model=Caddy%20Maxi%20Life&page=3&postcode=SW1W%200NY&fromsra,"£22,940","22,130 miles (Above Average: 687 miles )",2020 (70 reg),Euro 6,MPV,7,2.0L,Diesel,https://m.atcdn.co.uk/a/media/w768/070829ceebee4f4bb5b5b7a2d0e35d31.jpg
Volkswagen Caddy Maxi Life,https://www.autotrader.co.uk/car-details/202310022570851?sort=relevance&advertising-location=at_cars&include-delivery-option=on&make=Volkswagen&model=Caddy%20Maxi%20Life&page=3&postcode=SW1W%200NY&fromsra,"£11,490","89,000 miles (Above Average: 25,349 miles )",2015 (64 reg),,,,,Diesel,"https://m.atcdn.co.uk/a/media/w768/3148e94800b84f14bf6c4086c485e910.jpg, https://m.atcdn.co.uk/a/media/w768/70ca945fb23b41b6b83d5a54a2a247da.jpg, https://m.atcdn.co.uk/a/media/w768/edb4aa3842ef49fb84742922b9d70b49.jpg, https://m.atcdn.co.uk/a/media/w768/d4d555b3c62a47508b61b910bce096ec.jpg"
Volkswagen Caddy Maxi Life,https://www.autotrader.co.uk/car-details/202308160870836?journey=PROMOTED_LISTING_JOURNEY&sort=relevance&advertising-location=at_cars&include-delivery-option=on&make=Volkswagen&model=Caddy%20Maxi%20Life&page=3&postcode=SW1W%200NY&fromsra,"£7,988","99,000 miles (Above Average: 16,931 miles )",2012 (12 reg),Euro 5,MPV,7,1.6L,Diesel,"https://m.atcdn.co.uk/a/media/w768/0fbb78427fa34d9da6b282b20b27898c.jpg, https://m.atcdn.co.uk/a/media/w768/e222f5886593441ab0ac2cab354a7b52.jpg, https://m.atcdn.co.uk/a/media/w768/fdc2ddb597ff43698e5100662dd5a527.jpg, https://m.atcdn.co.uk/a/media/w768/1dc771cfdd324f6a895effbc224c0198.jpg"
Peugeot Rifter,https://www.autotrader.co.uk/car-details/202310062743117?journey=YOU_MAY_ALSO_LIKE_JOURNEY&sort=relevance&advertising-location=at_cars&include-delivery-option=on&make=Volkswagen&model=Caddy%20Maxi%20Life&page=3&postcode=SW1W%200NY&fromsra,"£17,890","23,202 miles (Above Average: 3,407 miles )",2020 (70 reg),Euro 6,MPV,5,1.5L,Diesel,"https://m.atcdn.co.uk/a/media/w768/0edd450613614fb5b818230c1515c72d.jpg, https://m.atcdn.co.uk/a/media/w768/e95c11daaaf54986ab2114dbe087bfdf.jpg, https://m.atcdn.co.uk/a/media/w768/f7a58a16b6f546be88dd0d4f74126e2d.jpg, https://m.atcdn.co.uk/a/media/w768/2a3c4a2b673149f8ac2df2d602da314e.jpg"
Volkswagen Caddy Life,https://www.autotrader.co.uk/car-details/202308170907046?sort=relevance&advertising-location=at_cars&include-delivery-option=on&make=Volkswagen&model=Caddy%20Maxi%20Life&page=4&postcode=SW1W%200NY&fromsra,"£13,480","19,980 miles (Above Average: 44,896 miles )",2014 (64 reg),Euro 5,MPV,7,1.6L,Diesel,"https://m.atcdn.co.uk/a/media/w768/b5186fbce80e4b9fb243bc25958c1bee.jpg, https://m.atcdn.co.uk/a/media/w768/169abbf09ebc4e6fb75b429f2ba3de4f.jpg, https://m.atcdn.co.uk/a/media/w768/f013c6b8bb9a46ad80ec9cd60089b0cd.jpg, https://m.atcdn.co.uk/a/media/w768/b7ef67c3c0d94218ba9328f87d055e66.jpg"
Volkswagen Caddy Maxi Life,https://www.autotrader.co.uk/car-details/202310163032628?sort=relevance&advertising-location=at_cars&include-delivery-option=on&make=Volkswagen&model=Caddy%20Maxi%20Life&page=4&postcode=SW1W%200NY&fromsra,"£23,500","24,619 miles (Above Average: 7,478 miles )",2019 (19 reg),Euro 6,MPV,7,2.0L,Diesel,"https://m.atcdn.co.uk/a/media/w768/f156797e2047495f8f43d0d86ac88179.jpg, https://m.atcdn.co.uk/a/media/w768/a9f89f40f6fa4a52916abed4e84374c3.jpg, https://m.atcdn.co.uk/a/media/w768/91635df45bd047c5b0913e04653192d6.jpg, https://m.atcdn.co.uk/a/media/w768/163d4d23475b4fc1b0ebbbf9849996fc.jpg"
Volkswagen Caddy Maxi Life,https://www.autotrader.co.uk/car-details/202310062720098?sort=relevance&advertising-location=at_cars&include-delivery-option=on&make=Volkswagen&model=Caddy%20Maxi%20Life&page=4&postcode=SW1W%200NY&fromsra,"£14,895","53,641 miles (Above Average: 10,934 miles )",2015 (64 reg),Euro 5,MPV,7,1.6L,Diesel,"https://m.atcdn.co.uk/a/media/w768/14618b636d314514a70c967375d9db8d.jpg, https://m.atcdn.co.uk/a/media/w768/5b54b88d3a284641a66019cc19e6ad92.jpg, https://m.atcdn.co.uk/a/media/w768/89353e7cdcf24aa9b055f6c7f63bd317.jpg, https://m.atcdn.co.uk/a/media/w768/a6b231665a15448fb34822437efaf125.jpg"
Volkswagen Caddy Maxi,https://www.autotrader.co.uk/car-details/202207127724175?sort=relevance&advertising-location=at_cars&include-delivery-option=on&make=Volkswagen&model=Caddy%20Maxi%20Life&page=4&postcode=SW1W%200NY&fromsra,"£19,990","30,497 miles (Above Average: 11,562 miles )",2018 (67 reg),Euro 6,MPV,7,2.0L,Diesel,"https://m.atcdn.co.uk/a/media/w768/8040d0ec9ae14d0899cf88824ca26097.jpg, https://m.atcdn.co.uk/a/media/w768/47db872fbe954ce589ca3c2cc1cb84ff.jpg, https://m.atcdn.co.uk/a/media/w768/c7535a178749410095a4252de9ec22ed.jpg, https://m.atcdn.co.uk/a/media/w768/b3f16c182a1c4cf1a8f00075bf6277ba.jpg"
Volkswagen Caddy Maxi Life,https://www.autotrader.co.uk/car-details/202310173072951?sort=relevance&advertising-location=at_cars&include-delivery-option=on&make=Volkswagen&model=Caddy%20Maxi%20Life&page=4&postcode=SW1W%200NY&fromsra,"£18,445","47,060 miles (Above Average: 9,220 miles )",2016 (65 reg),Euro 6,MPV,5,2.0L,Diesel,https://m.atcdn.co.uk/a/media/w768/c07b981a8ebe437db1542249c3ed45eb.jpg
Volkswagen Caddy Maxi Life,https://www.autotrader.co.uk/car-details/202306038104361?sort=relevance&advertising-location=at_cars&include-delivery-option=on&make=Volkswagen&model=Caddy%20Maxi%20Life&page=4&postcode=SW1W%200NY&fromsra,"£24,990","10,000 miles (Above Average: 23,483 miles )",2019 (19 reg),Euro 6,MPV,7,2.0L,Diesel,"https://m.atcdn.co.uk/a/media/w768/38f1aa97de2943baba3748957515827e.jpg, https://m.atcdn.co.uk/a/media/w768/f5fc397a5dd44b19b3a6651c374583fd.jpg, https://m.atcdn.co.uk/a/media/w768/7ae6bf0f0bbb4531adb004bc9986184d.jpg, https://m.atcdn.co.uk/a/media/w768/c66e50741e26455a9912409f55ab22f2.jpg"
Volkswagen Caddy Maxi Life,https://www.autotrader.co.uk/car-details/202310102842708?sort=relevance&advertising-location=at_cars&include-delivery-option=on&make=Volkswagen&model=Caddy%20Maxi%20Life&page=4&postcode=SW1W%200NY&fromsra,"£23,940","33,453 miles (Above Average: 6,699 miles )",2020 (69 reg),Euro 6,MPV,7,2.0L,Diesel,https://m.atcdn.co.uk/a/media/w768/3194df1d8b034a4ba78014ee01bd48e9.jpg
Volkswagen Caddy Maxi Life,https://www.autotrader.co.uk/car-details/202309282454892?sort=relevance&advertising-location=at_cars&include-delivery-option=on&make=Volkswagen&model=Caddy%20Maxi%20Life&page=4&postcode=SW1W%200NY&fromsra,"£13,995","69,000 miles (Above Average: 16,002 miles )",2012 (12 reg),Euro 5,MPV,7,1.6L,Diesel,"https://m.atcdn.co.uk/a/media/w768/db921d1fd04346c69846c92147ec7620.jpg, https://m.atcdn.co.uk/a/media/w768/6482829f3da2446eb9cd5cfeb9f45b65.jpg, https://m.atcdn.co.uk/a/media/w768/f246d440223c40729dc342e2c568d8ef.jpg, https://m.atcdn.co.uk/a/media/w768/8522b7a1de104437a619e48da2c14f8b.jpg"
Volkswagen Caddy Maxi Life,https://www.autotrader.co.uk/car-details/202309041521710?sort=relevance&advertising-location=at_cars&include-delivery-option=on&make=Volkswagen&model=Caddy%20Maxi%20Life&page=4&postcode=SW1W%200NY&fromsra,"£16,999","70,000 miles (Above Average: 12,435 miles )",2015 (65 reg),Euro 6,MPV,7,2.0L,Diesel,"https://m.atcdn.co.uk/a/media/w768/6bb9a04f72b84e6b9aef5aa3d7426a7d.jpg, https://m.atcdn.co.uk/a/media/w768/503d001b078046b0830c4ed51ccc4ee6.jpg, https://m.atcdn.co.uk/a/media/w768/1ea7ad5f8dcf4343a5c3f827e904f139.jpg, https://m.atcdn.co.uk/a/media/w768/aab00512cc17459d8f70a4b4999e9862.jpg"
Volkswagen Caddy Maxi,https://www.autotrader.co.uk/car-details/202211141679592?sort=relevance&advertising-location=at_cars&include-delivery-option=on&make=Volkswagen&model=Caddy%20Maxi%20Life&page=4&postcode=SW1W%200NY&fromsra,"£21,490","22,423 miles (Above Average: 19,114 miles )",2018 (67 reg),Euro 6,MPV,7,2.0L,Diesel,"https://m.atcdn.co.uk/a/media/w768/676cfb71554a40b4a757bf9df46a581c.jpg, https://m.atcdn.co.uk/a/media/w768/7dbf2da11c824ca39e9951587387e797.jpg, https://m.atcdn.co.uk/a/media/w768/6fbe94daeee041d490bb2c7420a55079.jpg, https://m.atcdn.co.uk/a/media/w768/ce3bc832202942208173dbe385d49f3e.jpg"
Volkswagen Caddy Maxi Life,https://www.autotrader.co.uk/car-details/202309162052033?journey=PROMOTED_LISTING_JOURNEY&sort=relevance&advertising-location=at_cars&include-delivery-option=on&make=Volkswagen&model=Caddy%20Maxi%20Life&page=4&postcode=SW1W%200NY&fromsra,"£7,988","184,000 miles (Above Average: 114,464 miles )",2014 (14 reg),Euro 5,MPV,7,1.6L,Diesel,"https://m.atcdn.co.uk/a/media/w768/f5c7b670e07a43f2a2321e69570af351.jpg, https://m.atcdn.co.uk/a/media/w768/473f9bb917004a159a7e18a6498098cc.jpg, https://m.atcdn.co.uk/a/media/w768/dd7420c36959404e9d840567d86c7057.jpg, https://m.atcdn.co.uk/a/media/w768/a56e8430245340bca4aeae59ff83c734.jpg"
Peugeot Rifter,https://www.autotrader.co.uk/car-details/202310062743117?journey=YOU_MAY_ALSO_LIKE_JOURNEY&sort=relevance&advertising-location=at_cars&include-delivery-option=on&make=Volkswagen&model=Caddy%20Maxi%20Life&page=4&postcode=SW1W%200NY&fromsra,"£17,890","23,202 miles (Above Average: 3,407 miles )",2020 (70 reg),Euro 6,MPV,5,1.5L,Diesel,"https://m.atcdn.co.uk/a/media/w768/0edd450613614fb5b818230c1515c72d.jpg, https://m.atcdn.co.uk/a/media/w768/e95c11daaaf54986ab2114dbe087bfdf.jpg, https://m.atcdn.co.uk/a/media/w768/f7a58a16b6f546be88dd0d4f74126e2d.jpg, https://m.atcdn.co.uk/a/media/w768/2a3c4a2b673149f8ac2df2d602da314e.jpg"
Volkswagen Caddy Maxi Life,https://www.autotrader.co.uk/car-details/202309051561742?sort=relevance&advertising-location=at_cars&include-delivery-option=on&make=Volkswagen&model=Caddy%20Maxi%20Life&page=5&postcode=SW1W%200NY&fromsra,"£24,391","21,867 miles (Above Average: 9,808 miles )",2019 (19 reg),Euro 6,MPV,7,2.0L,Diesel,"https://m.atcdn.co.uk/a/media/w768/188252d4b4d14416b1a1afc1c585a5aa.jpg, https://m.atcdn.co.uk/a/media/w768/65757c05ce00457ba566bd88979f8d57.jpg, https://m.atcdn.co.uk/a/media/w768/03dd061e03e1488885fc6aedf1e9ef06.jpg, https://m.atcdn.co.uk/a/media/w768/ea500b7c47524156b6c78151bd85e5cb.jpg"
Volkswagen Caddy Maxi Life,https://www.autotrader.co.uk/car-details/202310213213123?sort=relevance&advertising-location=at_cars&include-delivery-option=on&make=Volkswagen&model=Caddy%20Maxi%20Life&page=5&postcode=SW1W%200NY&fromsra,"£14,995","115,902 miles (Above Average: 67,857 miles )",2017 (17 reg),Euro 6,MPV,7,2.0L,Diesel,"https://m.atcdn.co.uk/a/media/w768/4f0a8dc5cf8d4352b7da3252982be306.jpg, https://m.atcdn.co.uk/a/media/w768/15c488164e5744bebd545964d02f48c0.jpg, https://m.atcdn.co.uk/a/media/w768/7adf34f90dce4b5e85210dcc1adc2623.jpg, https://m.atcdn.co.uk/a/media/w768/d0696187faa9459c9de01d0d0facf545.jpg"
Volkswagen Caddy Maxi,https://www.autotrader.co.uk/car-details/202310022564989?sort=relevance&advertising-location=at_cars&include-delivery-option=on&make=Volkswagen&model=Caddy%20Maxi%20Life&page=5&postcode=SW1W%200NY&fromsra,"£13,980","32,463 miles (Above Average: 25,685 miles )",2015 (65 reg),Euro 5,MPV,7,1.6L,Diesel,"https://m.atcdn.co.uk/a/media/w768/7595f7e95d734a23bf137368c6082352.jpg, https://m.atcdn.co.uk/a/media/w768/c23f854981144cbeadfbf8378c1dc2a9.jpg, https://m.atcdn.co.uk/a/media/w768/961dabf497c640ce82d5d59aca772e1d.jpg, https://m.atcdn.co.uk/a/media/w768/a8095d74265f45acb8e90b25484bb113.jpg"
Volkswagen Caddy Maxi,https://www.autotrader.co.uk/car-details/202308211024395?sort=relevance&advertising-location=at_cars&include-delivery-option=on&make=Volkswagen&model=Caddy%20Maxi%20Life&page=5&postcode=SW1W%200NY&fromsra,"£12,480","59,549 miles (Above Average: 5,990 miles )",2014 (64 reg),Euro 5,MPV,7,1.6L,Diesel,"https://m.atcdn.co.uk/a/media/w768/662a5eff0c0d40999f17dec34a119548.jpg, https://m.atcdn.co.uk/a/media/w768/d4a156bc76644378ab2b65d03dc94b11.jpg, https://m.atcdn.co.uk/a/media/w768/f013c6b8bb9a46ad80ec9cd60089b0cd.jpg, https://m.atcdn.co.uk/a/media/w768/9656e5bb14b44a1c806a8fd45d9852e7.jpg"
Volkswagen Caddy Maxi Life,https://www.autotrader.co.uk/car-details/202310102839966?sort=relevance&advertising-location=at_cars&include-delivery-option=on&make=Volkswagen&model=Caddy%20Maxi%20Life&page=5&postcode=SW1W%200NY&fromsra,"£15,495","74,000 miles (Above Average: 35,034 miles )",2018 (18 reg),Euro 6,MPV,7,2.0L,Diesel,
Volkswagen Caddy Maxi Life,https://www.autotrader.co.uk/car-details/202307270134816?sort=relevance&advertising-location=at_cars&include-delivery-option=on&make=Volkswagen&model=Caddy%20Maxi%20Life&page=5&postcode=SW1W%200NY&fromsra,"£25,995","38,000 miles (Above Average: 8,233 miles )",2019 (69 reg),Euro 6,MPV,7,2.0L,Diesel,"https://m.atcdn.co.uk/a/media/w768/941768450c6547b0963ada9d1d4888d2.jpg, https://m.atcdn.co.uk/a/media/w768/cf4fcea08ba3452d916c89f13710db36.jpg, https://m.atcdn.co.uk/a/media/w768/814a2d65eb1e4c809cc949311ac8db5c.jpg, https://m.atcdn.co.uk/a/media/w768/48995e3c0a2d4fbf9073e9f306736096.jpg"
Volkswagen Caddy Maxi Life,https://www.autotrader.co.uk/car-details/202308301353016?sort=relevance&advertising-location=at_cars&include-delivery-option=on&make=Volkswagen&model=Caddy%20Maxi%20Life&page=5&postcode=SW1W%200NY&fromsra,"£19,945","57,061 miles (Above Average: 6,907 miles )",2016 (66 reg),Euro 6,MPV,3,2.0L,Diesel,"https://m.atcdn.co.uk/a/media/w768/23cb69128c1840cfb2bffc6a51ff618c.jpg, https://m.atcdn.co.uk/a/media/w768/4d7b771899eb4398ae5ca84c481e1ae4.jpg, https://m.atcdn.co.uk/a/media/w768/59ca68ea15104ba98121a0131a8c8fef.jpg, https://m.atcdn.co.uk/a/media/w768/82f906e5901742279368d1f56210ea7e.jpg"
Volkswagen Caddy Maxi,https://www.autotrader.co.uk/car-details/202307149654997?sort=relevance&advertising-location=at_cars&include-delivery-option=on&make=Volkswagen&model=Caddy%20Maxi%20Life&page=5&postcode=SW1W%200NY&fromsra,"£21,990","33,267 miles (Above Average: 6,161 miles )",2018 (18 reg),Euro 6,MPV,7,2.0L,Diesel,"https://m.atcdn.co.uk/a/media/w768/93cd33ab7a7b4a65be1fcc60c28256eb.jpg, https://m.atcdn.co.uk/a/media/w768/e0f47fd85d5f4061b24aac7997b10cda.jpg, https://m.atcdn.co.uk/a/media/w768/81d01116051146769fa5ee926fa5e1de.jpg, https://m.atcdn.co.uk/a/media/w768/67491e16ca8f499387c73d49c05a20d9.jpg"
Volkswagen Caddy Maxi Life,https://www.autotrader.co.uk/car-details/202310213203599?sort=relevance&advertising-location=at_cars&include-delivery-option=on&make=Volkswagen&model=Caddy%20Maxi%20Life&page=5&postcode=SW1W%200NY&fromsra,"£12,990","81,742 miles (Above Average: 25,141 miles )",2016 (65 reg),Euro 6,MPV,7,2.0L,Diesel,
Volkswagen Caddy Maxi Life,https://www.autotrader.co.uk/car-details/202310213210698?sort=relevance&advertising-location=at_cars&include-delivery-option=on&make=Volkswagen&model=Caddy%20Maxi%20Life&page=5&postcode=SW1W%200NY&fromsra,"£22,490","36,651 miles (Above Average: 3,389 miles )",2019 (19 reg),Euro 6,MPV,7,2.0L,Diesel,
Volkswagen Caddy Maxi Life,https://www.autotrader.co.uk/car-details/202309162052033?journey=PROMOTED_LISTING_JOURNEY&sort=relevance&advertising-location=at_cars&include-delivery-option=on&make=Volkswagen&model=Caddy%20Maxi%20Life&page=5&postcode=SW1W%200NY&fromsra,"£7,988","184,000 miles (Above Average: 114,464 miles )",2014 (14 reg),Euro 5,MPV,7,1.6L,Diesel,"https://m.atcdn.co.uk/a/media/w768/f5c7b670e07a43f2a2321e69570af351.jpg, https://m.atcdn.co.uk/a/media/w768/473f9bb917004a159a7e18a6498098cc.jpg, https://m.atcdn.co.uk/a/media/w768/dd7420c36959404e9d840567d86c7057.jpg, https://m.atcdn.co.uk/a/media/w768/a56e8430245340bca4aeae59ff83c734.jpg"
Volkswagen Caddy Maxi Life,https://www.autotrader.co.uk/car-details/202310022574180?sort=relevance&advertising-location=at_cars&include-delivery-option=on&make=Volkswagen&model=Caddy%20Maxi%20Life&page=6&postcode=SW1W%200NY&fromsra,"£19,945","41,834 miles (Above Average: 11,935 miles )",2016 (16 reg),Euro 6,MPV,7,2.0L,Diesel,"https://m.atcdn.co.uk/a/media/w768/b3b07af51a714f02b4f300c4ccc9dcb5.jpg, https://m.atcdn.co.uk/a/media/w768/52f782bb14a442a4af870fe8da2bbb64.jpg, https://m.atcdn.co.uk/a/media/w768/fe2bb346f6b14c249b43b1fc956a05ce.jpg, https://m.atcdn.co.uk/a/media/w768/01b2998f207e4320af0183243fcfa78f.jpg"
Volkswagen Caddy Maxi Life,https://www.autotrader.co.uk/car-details/202308140775174?sort=relevance&advertising-location=at_cars&include-delivery-option=on&make=Volkswagen&model=Caddy%20Maxi%20Life&page=6&postcode=SW1W%200NY&fromsra,"£19,945","42,037 miles (Above Average: 4,401 miles )",2017 (17 reg),Euro 6,MPV,7,2.0L,Diesel,"https://m.atcdn.co.uk/a/media/w768/553ff7b8eaf5479cae9584c45e769ec4.jpg, https://m.atcdn.co.uk/a/media/w768/21b7d588bace4dccb5d2d75d518894f1.jpg, https://m.atcdn.co.uk/a/media/w768/ec5dbe6e448e4dbaa38b3af2a8170916.jpg, https://m.atcdn.co.uk/a/media/w768/3011d0f874ea46c3b704a6b4f4dd979b.jpg"
Volkswagen Caddy Maxi Life,https://www.autotrader.co.uk/car-details/202309292497735?sort=relevance&advertising-location=at_cars&include-delivery-option=on&make=Volkswagen&model=Caddy%20Maxi%20Life&page=6&postcode=SW1W%200NY&fromsra,"£20,999","26,815 miles (Above Average: 16,710 miles )",2017 (67 reg),Euro 6,MPV,5,2.0L,Diesel,"https://m.atcdn.co.uk/a/media/w768/266de2a48b1147aebefce7e6cea08c64.jpg, https://m.atcdn.co.uk/a/media/w768/27bfb01a1c34472d87d2a0351a74699b.jpg, https://m.atcdn.co.uk/a/media/w768/4130af9877844f82b1b35c99ef40be0a.jpg, https://m.atcdn.co.uk/a/media/w768/045ccb5096bc48e3a225b4adaeb26aa8.jpg"
Volkswagen Caddy Maxi Life,https://www.autotrader.co.uk/car-details/202308090596912?sort=relevance&advertising-location=at_cars&include-delivery-option=on&make=Volkswagen&model=Caddy%20Maxi%20Life&page=6&postcode=SW1W%200NY&fromsra,"£17,495","39,433 miles (Above Average: 9,676 miles )",2017 (66 reg),Euro 6,MPV,5,2.0L,Diesel,"https://m.atcdn.co.uk/a/media/w768/8da267288c7545aba4a69e8b5bab6a81.jpg, https://m.atcdn.co.uk/a/media/w768/bc7d3659d72142e780abe6945cf133e4.jpg, https://m.atcdn.co.uk/a/media/w768/afa632e61ab44e63b20923a4e2efd233.jpg, https://m.atcdn.co.uk/a/media/w768/03bab72fc67941b49e1fbd3a9d6175fd.jpg"
Volkswagen Caddy Maxi Life,https://www.autotrader.co.uk/car-details/202309282451682?sort=relevance&advertising-location=at_cars&include-delivery-option=on&make=Volkswagen&model=Caddy%20Maxi%20Life&page=6&postcode=SW1W%200NY&fromsra,"£23,895","23,000 miles (Above Average: 7,048 miles )",2019 (69 reg),Euro 6,MPV,7,2.0L,Diesel,"https://m.atcdn.co.uk/a/media/w768/278b0f582abb45978614520802cc2a4f.jpg, https://m.atcdn.co.uk/a/media/w768/b674f7c480384a8fb88501d2ed06576d.jpg, https://m.atcdn.co.uk/a/media/w768/e42fcd13781447c580fb460d845bf530.jpg, https://m.atcdn.co.uk/a/media/w768/09b934af8c814556a21c066d7bcb13e5.jpg"
Volkswagen Caddy Maxi Life,https://www.autotrader.co.uk/car-details/202310052699685?sort=relevance&advertising-location=at_cars&include-delivery-option=on&make=Volkswagen&model=Caddy%20Maxi%20Life&page=6&postcode=SW1W%200NY&fromsra,"£23,695","15,000 miles (Above Average: 25,292 miles )",2018 (18 reg),Euro 6,MPV,7,2.0L,Diesel,"https://m.atcdn.co.uk/a/media/w768/5410e94f4ee94908aaa365d7d28aa239.jpg, https://m.atcdn.co.uk/a/media/w768/3848d72764554153a7297ec46dce7952.jpg, https://m.atcdn.co.uk/a/media/w768/d0316ba7537f4ff8a6244e45b89f205c.jpg, https://m.atcdn.co.uk/a/media/w768/1f4f6f787d504004b2cfff9a8decf1ad.jpg"
Volkswagen Caddy Maxi Life,https://www.autotrader.co.uk/car-details/202306238863299?sort=relevance&advertising-location=at_cars&include-delivery-option=on&make=Volkswagen&model=Caddy%20Maxi%20Life&page=6&postcode=SW1W%200NY&fromsra,"£26,945","13,522 miles (Above Average: 23,938 miles )",2018 (68 reg),Euro 6,MPV,5,2.0L,Diesel,"https://m.atcdn.co.uk/a/media/w768/fe8814e00f6446a490ea09dc6d17ee2e.jpg, https://m.atcdn.co.uk/a/media/w768/0619b1e265be4c93afe108975ccb233a.jpg, https://m.atcdn.co.uk/a/media/w768/74f76f9e4ba94fa7a41c940af1e9511e.jpg, https://m.atcdn.co.uk/a/media/w768/dff75e4fa51a4c66ba3f148058bcf926.jpg"
Volkswagen Caddy Maxi Life,https://www.autotrader.co.uk/car-details/202309292489298?sort=relevance&advertising-location=at_cars&include-delivery-option=on&make=Volkswagen&model=Caddy%20Maxi%20Life&page=6&postcode=SW1W%200NY&fromsra,"£16,945","69,874 miles (Above Average: 15,523 miles )",2016 (16 reg),Euro 6,MPV,7,2.0L,Diesel,"https://m.atcdn.co.uk/a/media/w768/7e5cf58006a84cdf86dfab95b5abdb3a.jpg, https://m.atcdn.co.uk/a/media/w768/1528c16fde6243daa3eb2003efbb9a41.jpg, https://m.atcdn.co.uk/a/media/w768/847632fb97b24c8db26c0602463ec41c.jpg, https://m.atcdn.co.uk/a/media/w768/c2d9d42ab5e24b28a228b09c352cdb56.jpg"
Volkswagen Caddy Maxi,https://www.autotrader.co.uk/car-details/202309152015755?sort=relevance&advertising-location=at_cars&include-delivery-option=on&make=Volkswagen&model=Caddy%20Maxi%20Life&page=6&postcode=SW1W%200NY&fromsra,"£21,980","29,296 miles (Above Average: 1,357 miles )",2019 (69 reg),Euro 6,MPV,7,2.0L,Diesel,"https://m.atcdn.co.uk/a/media/w768/1dbec5554ed34568a14f47152feba813.jpg, https://m.atcdn.co.uk/a/media/w768/1984186127d243bfaf68fba3514bc206.jpg, https://m.atcdn.co.uk/a/media/w768/f013c6b8bb9a46ad80ec9cd60089b0cd.jpg, https://m.atcdn.co.uk/a/media/w768/45794df076bf4410a76f1c690cd981de.jpg"
Volkswagen Caddy Maxi Life,https://www.autotrader.co.uk/car-details/202302204462193?journey=PROMOTED_LISTING_JOURNEY&sort=relevance&advertising-location=at_cars&include-delivery-option=on&make=Volkswagen&model=Caddy%20Maxi%20Life&page=6&postcode=SW1W%200NY&fromsra,"£12,999","73,100 miles (Above Average: 8,264 miles )",2014 (64 reg),Euro 5,MPV,5,1.6L,Diesel,"https://m.atcdn.co.uk/a/media/w768/10f54c19935c4574abd1079c6d8e081b.jpg, https://m.atcdn.co.uk/a/media/w768/c5d28bbef7b54e148e70cc7a0654c55b.jpg, https://m.atcdn.co.uk/a/media/w768/ab42a00f8b7a406a8ba8db1d0baf0913.jpg, https://m.atcdn.co.uk/a/media/w768/44ddb3ff7b414bce857b5b45f2bc3a9c.jpg"
Vauxhall Combo Life,https://www.autotrader.co.uk/car-details/202310183111801?journey=YOU_MAY_ALSO_LIKE_JOURNEY&sort=relevance&advertising-location=at_cars&include-delivery-option=on&make=Volkswagen&model=Caddy%20Maxi%20Life&page=6&postcode=SW1W%200NY&fromsra,"£16,595","15,244 miles (Above Average: 4,607 miles )",2020 (20 reg),Euro 6,MPV,5,1.2L,Petrol,"https://m.atcdn.co.uk/a/media/w768/e635de348a5a4ba3b2513a3d28c11099.jpg, https://m.atcdn.co.uk/a/media/w768/afdb2ccf670746b2b5584c7ea9f209d8.jpg, https://m.atcdn.co.uk/a/media/w768/bd47f01836424f9f897a148145a5a127.jpg, https://m.atcdn.co.uk/a/media/w768/324b7b9b34e74294a76ab0a51a9096b7.jpg"
Volkswagen Caddy Maxi Life,https://www.autotrader.co.uk/car-details/202308271252005?sort=relevance&advertising-location=at_cars&include-delivery-option=on&make=Volkswagen&model=Caddy%20Maxi%20Life&page=7&postcode=SW1W%200NY&fromsra,"£19,945","59,112 miles (Above Average: 4,540 miles )",2016 (16 reg),Euro 6,MPV,5,2.0L,Diesel,"https://m.atcdn.co.uk/a/media/w768/019c3768dde54140a92a955c6dc06d84.jpg, https://m.atcdn.co.uk/a/media/w768/dd61978d3eaa4ca8a48acfc4c56a7661.jpg, https://m.atcdn.co.uk/a/media/w768/27b02415a39740d8a8a571a387de2652.jpg, https://m.atcdn.co.uk/a/media/w768/80273fa279bb4afd997ffdc77372f768.jpg"
Volkswagen Caddy Maxi Life,https://www.autotrader.co.uk/car-details/202307209878840?sort=relevance&advertising-location=at_cars&include-delivery-option=on&make=Volkswagen&model=Caddy%20Maxi%20Life&page=7&postcode=SW1W%200NY&fromsra,"£18,440","48,971 miles (Above Average: 1,464 miles )",2016 (66 reg),Euro 6,MPV,5,2.0L,Diesel,"https://m.atcdn.co.uk/a/media/w768/7dadf94ebaea4705bd85e1eba6768298.jpg, https://m.atcdn.co.uk/a/media/w768/378c65e6953d4ead8838ac1e06c9f143.jpg, https://m.atcdn.co.uk/a/media/w768/c4ca01c074314826a2802892e7863f57.jpg, https://m.atcdn.co.uk/a/media/w768/c8c19b949cc7470ab6fc262f722993ef.jpg"
Volkswagen Caddy Maxi Life,https://www.autotrader.co.uk/car-details/202308271250657?sort=relevance&advertising-location=at_cars&include-delivery-option=on&make=Volkswagen&model=Caddy%20Maxi%20Life&page=7&postcode=SW1W%200NY&fromsra,"£22,945","31,123 miles (Above Average: 12,704 miles )",2017 (67 reg),Euro 6,MPV,5,2.0L,Diesel,"https://m.atcdn.co.uk/a/media/w768/d0b62112eda8499da585afca832df2b6.jpg, https://m.atcdn.co.uk/a/media/w768/43bdb67770424eb9a325f7ca4d3cbea6.jpg, https://m.atcdn.co.uk/a/media/w768/11f4c721053c45e5b2c8d9836181a248.jpg, https://m.atcdn.co.uk/a/media/w768/7e56a918f1b94285bf163c983bb6c6b4.jpg"
Volkswagen Caddy Maxi Life,https://www.autotrader.co.uk/car-details/202307219933171?sort=relevance&advertising-location=at_cars&include-delivery-option=on&make=Volkswagen&model=Caddy%20Maxi%20Life&page=7&postcode=SW1W%200NY&fromsra,"£23,490","17,000 miles (Above Average: 21,584 miles )",2018 (18 reg),Euro 6,MPV,7,2.0L,Diesel,"https://m.atcdn.co.uk/a/media/w768/739dc4b10a0341cfbeb751107c88a90a.jpg, https://m.atcdn.co.uk/a/media/w768/d51a9c9926ef45bf81c65b048cd39cd8.jpg, https://m.atcdn.co.uk/a/media/w768/127abf0f8ae04f4d90bbeff0a4c3f527.jpg, https://m.atcdn.co.uk/a/media/w768/09602a36c7a64b489b026388f18b1773.jpg"
Volkswagen Caddy Maxi Life,https://www.autotrader.co.uk/car-details/202309121881552?sort=relevance&advertising-location=at_cars&include-delivery-option=on&make=Volkswagen&model=Caddy%20Maxi%20Life&page=7&postcode=SW1W%200NY&fromsra,"£19,969","15,237 miles (Above Average: 29,915 miles )",2017 (17 reg),Euro 6,MPV,7,2.0L,Diesel,"https://m.atcdn.co.uk/a/media/w768/b52688151b22402bad5ac7b21e3f19f0.jpg, https://m.atcdn.co.uk/a/media/w768/24adaf5af78746848252be526a9cc617.jpg, https://m.atcdn.co.uk/a/media/w768/1bead63430e1475597eec3e03df006d7.jpg, https://m.atcdn.co.uk/a/media/w768/36c97c6751ad472eb26987ee84fe714b.jpg"
Volkswagen Caddy Maxi Life,https://www.autotrader.co.uk/car-details/202310022574483?sort=relevance&advertising-location=at_cars&include-delivery-option=on&make=Volkswagen&model=Caddy%20Maxi%20Life&page=7&postcode=SW1W%200NY&fromsra,"£22,945","19,451 miles (Above Average: 28,995 miles )",2017 (17 reg),Euro 6,MPV,5,2.0L,Diesel,"https://m.atcdn.co.uk/a/media/w768/0183209232e14daaabc44c9474f88753.jpg, https://m.atcdn.co.uk/a/media/w768/d03f4f568bd14471b553744b12da5469.jpg, https://m.atcdn.co.uk/a/media/w768/f110fcfb70924a2d8c1bd67e99fb4d2d.jpg, https://m.atcdn.co.uk/a/media/w768/cd06dc92aec94012ba4207f0dc6c1c2d.jpg"
Volkswagen Caddy Maxi Life,https://www.autotrader.co.uk/car-details/202308140763864?sort=relevance&advertising-location=at_cars&include-delivery-option=on&make=Volkswagen&model=Caddy%20Maxi%20Life&page=7&postcode=SW1W%200NY&fromsra,"£22,995","55,000 miles (Above Average: 15,190 miles )",2018 (18 reg),Euro 6,MPV,7,2.0L,Diesel,"https://m.atcdn.co.uk/a/media/w768/3569ee2ff3c841dfb9a160a865dbd01d.jpg, https://m.atcdn.co.uk/a/media/w768/3729a03a5f8c4d4391f2c1ff61307922.jpg, https://m.atcdn.co.uk/a/media/w768/f48449b3f6394a819da9e3b0ed99df75.jpg, https://m.atcdn.co.uk/a/media/w768/f8e7fd60bc9746d484a3685326138934.jpg"
Volkswagen Caddy Maxi Life,https://www.autotrader.co.uk/car-details/202309152003542?sort=relevance&advertising-location=at_cars&include-delivery-option=on&make=Volkswagen&model=Caddy%20Maxi%20Life&page=7&postcode=SW1W%200NY&fromsra,"£21,945","32,168 miles (Above Average: 17,483 miles )",2017 (66 reg),Euro 6,MPV,7,2.0L,Diesel,"https://m.atcdn.co.uk/a/media/w768/360ba2160d744989a7ba3e96073bcde3.jpg, https://m.atcdn.co.uk/a/media/w768/7a3771ae0e794b848d3381f460f16511.jpg, https://m.atcdn.co.uk/a/media/w768/f6d7559345a2499b83c7b80dbb7dccc3.jpg, https://m.atcdn.co.uk/a/media/w768/da958d804e77478ba509204c49e4c423.jpg"
Volkswagen Caddy Maxi Life,https://www.autotrader.co.uk/car-details/202309202187363?sort=relevance&advertising-location=at_cars&include-delivery-option=on&make=Volkswagen&model=Caddy%20Maxi%20Life&page=7&postcode=SW1W%200NY&fromsra,"£25,995","28,000 miles (Above Average: 863 miles )",2019 (69 reg),Euro 6,MPV,7,2.0L,Diesel,"https://m.atcdn.co.uk/a/media/w768/21426668b4bc41839f3edcc761defdfc.jpg, https://m.atcdn.co.uk/a/media/w768/cb2f2b0416dc4007b3258b6f34092898.jpg, https://m.atcdn.co.uk/a/media/w768/1766d8f0dd6f411293390da9c34a302d.jpg, https://m.atcdn.co.uk/a/media/w768/de23f7f9d4b44761bfc49a9b8d5d9f3d.jpg"
Volkswagen Caddy Maxi Life,https://www.autotrader.co.uk/car-details/202308221082876?sort=relevance&advertising-location=at_cars&include-delivery-option=on&make=Volkswagen&model=Caddy%20Maxi%20Life&page=7&postcode=SW1W%200NY&fromsra,"£18,969","24,922 miles (Above Average: 19,728 miles )",2017 (67 reg),Euro 6,MPV,5,2.0L,Diesel,"https://m.atcdn.co.uk/a/media/w768/b61ffd98963f476caefb19bead49a336.jpg, https://m.atcdn.co.uk/a/media/w768/24adaf5af78746848252be526a9cc617.jpg, https://m.atcdn.co.uk/a/media/w768/08a5712fc2a2498bbe9c2a96ef5039fe.jpg, https://m.atcdn.co.uk/a/media/w768/904dd2ef7a2a440a91f7dd1e7e3d7cc2.jpg"
Volkswagen Caddy Maxi Life,https://www.autotrader.co.uk/car-details/202303215460285?journey=PROMOTED_LISTING_JOURNEY&sort=relevance&advertising-location=at_cars&include-delivery-option=on&make=Volkswagen&model=Caddy%20Maxi%20Life&page=7&postcode=SW1W%200NY&fromsra,"£9,495","18,890 miles (Above Average: 73,664 miles )",2010 (11 reg),Euro 4,MPV,3,1.9L,Diesel,"https://m.atcdn.co.uk/a/media/w768/5470b19634184ccfb8ca36962232673a.jpg, https://m.atcdn.co.uk/a/media/w768/2f6971f9af2f4533b2a1efacf594303f.jpg, https://m.atcdn.co.uk/a/media/w768/5c40272078c44382900eaf6374f6a9df.jpg, https://m.atcdn.co.uk/a/media/w768/ec5afcb1182e485187ffd1788c1fe29c.jpg"
Volkswagen Caddy Maxi,https://www.autotrader.co.uk/car-details/202310112893929?sort=relevance&advertising-location=at_cars&include-delivery-option=on&make=Volkswagen&model=Caddy%20Maxi%20Life&page=8&postcode=SW1W%200NY&fromsra,"£9,000","103,100 miles (Above Average: 33,584 miles )",2014 (14 reg),Euro 5,MPV,7,1.6L,Diesel,"https://m.atcdn.co.uk/a/media/w768/0e994be2d7cc4dbfbcaa3ca864cc2bb2.jpg, https://m.atcdn.co.uk/a/media/w768/a5f0940579bb4b969cc5eae38fac13e1.jpg, https://m.atcdn.co.uk/a/media/w768/fae26a0b850b4755a27e4fe543e21d7c.jpg, https://m.atcdn.co.uk/a/media/w768/37f94203cfe84754a538ba558b8be445.jpg"
Volkswagen Caddy Maxi Life,https://www.autotrader.co.uk/car-details/202308140774383?sort=relevance&advertising-location=at_cars&include-delivery-option=on&make=Volkswagen&model=Caddy%20Maxi%20Life&page=8&postcode=SW1W%200NY&fromsra,"£19,945","62,586 miles (Above Average: 8,154 miles )",2016 (16 reg),Euro 6,MPV,5,2.0L,Diesel,"https://m.atcdn.co.uk/a/media/w768/f2c651f7fbb5441b8758a2b69499861f.jpg, https://m.atcdn.co.uk/a/media/w768/0f69b94c3bbb461887974a02c85c07b7.jpg, https://m.atcdn.co.uk/a/media/w768/3df28e8c501f4d36810999fed02e3d0d.jpg, https://m.atcdn.co.uk/a/media/w768/90de2d2e5101462eb222304044b98c99.jpg"
Volkswagen Caddy Maxi Life,https://www.autotrader.co.uk/car-details/202307250044304?sort=relevance&advertising-location=at_cars&include-delivery-option=on&make=Volkswagen&model=Caddy%20Maxi%20Life&page=8&postcode=SW1W%200NY&fromsra,"£25,995","30,000 miles (Above Average: 1,499 miles )",2019 (69 reg),Euro 6,MPV,7,2.0L,Diesel,"https://m.atcdn.co.uk/a/media/w768/a142c203a91d4422a4a9f31dca81c450.jpg, https://m.atcdn.co.uk/a/media/w768/a12b1581f75c4b4cb893693240116847.jpg, https://m.atcdn.co.uk/a/media/w768/cab89e9f593a40c8b7aa067f39151118.jpg, https://m.atcdn.co.uk/a/media/w768/0732ff65921f423ab4a68f72ad968357.jpg"
Volkswagen Caddy Maxi Life,https://www.autotrader.co.uk/car-details/202303315827692?sort=relevance&advertising-location=at_cars&include-delivery-option=on&make=Volkswagen&model=Caddy%20Maxi%20Life&page=8&postcode=SW1W%200NY&fromsra,"£9,990","91,000 miles (Above Average: 10,477 miles )",2012 (62 reg),Euro 5,MPV,7,1.6L,Diesel,"https://m.atcdn.co.uk/a/media/w768/7e48afc1fe1e47b99bcb71ab02ca99de.jpg, https://m.atcdn.co.uk/a/media/w768/38741d1e1cfe4aceb3a52494f45636e8.jpg, https://m.atcdn.co.uk/a/media/w768/0baa3e492a354430a6627016161da8aa.jpg, https://m.atcdn.co.uk/a/media/w768/77a1a3499a264774a0b091aa2ae958d4.jpg"
Volkswagen Caddy Maxi Life,https://www.autotrader.co.uk/car-details/202307310271050?sort=relevance&advertising-location=at_cars&include-delivery-option=on&make=Volkswagen&model=Caddy%20Maxi%20Life&page=8&postcode=SW1W%200NY&fromsra,"£17,945","39,643 miles (Above Average: 15,673 miles )",2016 (16 reg),Euro 6,MPV,5,2.0L,Diesel,"https://m.atcdn.co.uk/a/media/w768/35c8c638529448a8b815e17e483b8fd5.jpg, https://m.atcdn.co.uk/a/media/w768/8592d419a29f484eb3c1f508ac2a1c99.jpg, https://m.atcdn.co.uk/a/media/w768/917fdb3ac9af438aa5cc40823b4b74f3.jpg, https://m.atcdn.co.uk/a/media/w768/826a23f67bdf4f9599be3b3eb2507a97.jpg"
Volkswagen Caddy Maxi,https://www.autotrader.co.uk/car-details/202310052691506?sort=relevance&advertising-location=at_cars&include-delivery-option=on&make=Volkswagen&model=Caddy%20Maxi%20Life&page=8&postcode=SW1W%200NY&fromsra,"£23,999","18,677 miles (Above Average: 11,170 miles )",2019 (69 reg),Euro 6,MPV,7,2.0L,Diesel,"https://m.atcdn.co.uk/a/media/w768/4d55367375864454bed8982168565a15.jpg, https://m.atcdn.co.uk/a/media/w768/d0e7f12a76d64ffab0b13c2b20cb939d.jpg, https://m.atcdn.co.uk/a/media/w768/871d38f87d4e4dad8d5fc6a5a91cfe9c.jpg, https://m.atcdn.co.uk/a/media/w768/7dd472ead3f64789801510f3acf8fa99.jpg"
Volkswagen Caddy Maxi Life,https://www.autotrader.co.uk/car-details/202309081717372?sort=relevance&advertising-location=at_cars&include-delivery-option=on&make=Volkswagen&model=Caddy%20Maxi%20Life&page=8&postcode=SW1W%200NY&fromsra,"£21,495","31,500 miles (Above Average: 8,872 miles )",2018 (18 reg),Euro 6,MPV,7,2.0L,Diesel,"https://m.atcdn.co.uk/a/media/w768/30a5e5a602144c188b06cf80b083da15.jpg, https://m.atcdn.co.uk/a/media/w768/fd5aab7078c04cca91dd5e3435f7c23d.jpg, https://m.atcdn.co.uk/a/media/w768/2be4c0edce4f47769d6af4fa4d343b7b.jpg, https://m.atcdn.co.uk/a/media/w768/6f86af2e40a149aa852f78364f74ce45.jpg"
Volkswagen Caddy Maxi Life,https://www.autotrader.co.uk/car-details/202308311400040?sort=relevance&advertising-location=at_cars&include-delivery-option=on&make=Volkswagen&model=Caddy%20Maxi%20Life&page=8&postcode=SW1W%200NY&fromsra,"£18,945","49,749 miles (Above Average: 4,964 miles )",2016 (16 reg),Euro 6,MPV,7,2.0L,Diesel,"https://m.atcdn.co.uk/a/media/w768/0eac25224dd44464acc80c55f397976d.jpg, https://m.atcdn.co.uk/a/media/w768/9256ad5e1c1a4b4ea5cafb2bf184fd30.jpg, https://m.atcdn.co.uk/a/media/w768/332b8d57b37445e9b7835527d7480306.jpg, https://m.atcdn.co.uk/a/media/w768/7d4f34415aa14939b2a85c966cc0d78a.jpg"
Volkswagen Caddy Maxi Life,https://www.autotrader.co.uk/car-details/202309131916587?sort=relevance&advertising-location=at_cars&include-delivery-option=on&make=Volkswagen&model=Caddy%20Maxi%20Life&page=8&postcode=SW1W%200NY&fromsra,"£23,995","33,000 miles (Above Average: 4,458 miles )",2019 (69 reg),Euro 6,MPV,7,2.0L,Diesel,"https://m.atcdn.co.uk/a/media/w768/c59ae38d09e3412aa55d30f82f247bb3.jpg, https://m.atcdn.co.uk/a/media/w768/d7e5d9438d1d48efb3730d7df21091bd.jpg, https://m.atcdn.co.uk/a/media/w768/618a3df3a4704e80aff92289bf10ec7a.jpg, https://m.atcdn.co.uk/a/media/w768/9776dd89dfce46729d09712ae775b820.jpg"
Volkswagen Caddy Maxi Life,https://www.autotrader.co.uk/car-details/202309071674850?sort=relevance&advertising-location=at_cars&include-delivery-option=on&make=Volkswagen&model=Caddy%20Maxi%20Life&page=8&postcode=SW1W%200NY&fromsra,"£20,945","23,887 miles (Above Average: 26,648 miles )",2016 (66 reg),Euro 6,MPV,7,2.0L,Diesel,"https://m.atcdn.co.uk/a/media/w768/84850ec194ae4516808cba96833132ba.jpg, https://m.atcdn.co.uk/a/media/w768/a6209480fb2c4a0f8f283462e76be6fa.jpg, https://m.atcdn.co.uk/a/media/w768/b86d79a9794f4956b4a71066cfa2962f.jpg, https://m.atcdn.co.uk/a/media/w768/67b5feac39c149689f07270d3ecf924f.jpg"
Volkswagen Caddy Maxi Life,https://www.autotrader.co.uk/car-details/202308160870836?journey=PROMOTED_LISTING_JOURNEY&sort=relevance&advertising-location=at_cars&include-delivery-option=on&make=Volkswagen&model=Caddy%20Maxi%20Life&page=8&postcode=SW1W%200NY&fromsra,"£7,988","99,000 miles (Above Average: 16,931 miles )",2012 (12 reg),Euro 5,MPV,7,1.6L,Diesel,"https://m.atcdn.co.uk/a/media/w768/0fbb78427fa34d9da6b282b20b27898c.jpg, https://m.atcdn.co.uk/a/media/w768/e222f5886593441ab0ac2cab354a7b52.jpg, https://m.atcdn.co.uk/a/media/w768/fdc2ddb597ff43698e5100662dd5a527.jpg, https://m.atcdn.co.uk/a/media/w768/1dc771cfdd324f6a895effbc224c0198.jpg"
Vauxhall Combo Life,https://www.autotrader.co.uk/car-details/202310183111801?journey=YOU_MAY_ALSO_LIKE_JOURNEY&sort=relevance&advertising-location=at_cars&include-delivery-option=on&make=Volkswagen&model=Caddy%20Maxi%20Life&page=8&postcode=SW1W%200NY&fromsra,"£16,595","15,244 miles (Above Average: 4,607 miles )",2020 (20 reg),Euro 6,MPV,5,1.2L,Petrol,"https://m.atcdn.co.uk/a/media/w768/e635de348a5a4ba3b2513a3d28c11099.jpg, https://m.atcdn.co.uk/a/media/w768/afdb2ccf670746b2b5584c7ea9f209d8.jpg, https://m.atcdn.co.uk/a/media/w768/bd47f01836424f9f897a148145a5a127.jpg, https://m.atcdn.co.uk/a/media/w768/324b7b9b34e74294a76ab0a51a9096b7.jpg"
Volkswagen Caddy Maxi Life,https://www.autotrader.co.uk/car-details/202308030393208?sort=relevance&advertising-location=at_cars&include-delivery-option=on&make=Volkswagen&model=Caddy%20Maxi%20Life&page=9&postcode=SW1W%200NY&fromsra,"£20,945","19,308 miles (Above Average: 34,983 miles )",2016 (16 reg),Euro 6,MPV,4,2.0L,Diesel,"https://m.atcdn.co.uk/a/media/w768/3850e30df8d4450ba1572cf0e03797bf.jpg, https://m.atcdn.co.uk/a/media/w768/53abb625ce374aad99944760ee4621e0.jpg, https://m.atcdn.co.uk/a/media/w768/211854ea6c394fc084134d6cdda7a297.jpg, https://m.atcdn.co.uk/a/media/w768/051ca808543e48f8aef9a603eb274090.jpg"
Volkswagen Caddy Maxi Life,https://www.autotrader.co.uk/car-details/202306138481750?sort=relevance&advertising-location=at_cars&include-delivery-option=on&make=Volkswagen&model=Caddy%20Maxi%20Life&page=9&postcode=SW1W%200NY&fromsra,"£15,990","43,495 miles (Above Average: 733 miles )",2017 (67 reg),Euro 6,MPV,7,2.0L,Diesel,"https://m.atcdn.co.uk/a/media/w768/49cf86e7e9b141a5ab93b9bfdf9b03ec.jpg, https://m.atcdn.co.uk/a/media/w768/5cb0e8170b7944d382cbe69450754520.jpg, https://m.atcdn.co.uk/a/media/w768/c1eeb40992e94e22b2215295740d7451.jpg, https://m.atcdn.co.uk/a/media/w768/a48c1163035b4b10adeb3aa9c54a9347.jpg"
Volkswagen Caddy Maxi Life,https://www.autotrader.co.uk/car-details/202309302519389?sort=relevance&advertising-location=at_cars&include-delivery-option=on&make=Volkswagen&model=Caddy%20Maxi%20Life&page=9&postcode=SW1W%200NY&fromsra,"£16,999","31,000 miles (Above Average: 29,960 miles )",2015 (15 reg),Euro 5,MPV,7,1.6L,Diesel,"https://m.atcdn.co.uk/a/media/w768/67bdfb33bc0d4501894d944fbf28a3a0.jpg, https://m.atcdn.co.uk/a/media/w768/831c92aae99f42efa5c4e458525f2dd9.jpg, https://m.atcdn.co.uk/a/media/w768/bfb788600cea40089dc6b1a2449ace0c.jpg, https://m.atcdn.co.uk/a/media/w768/50b13964c3c94fcfb8629bb168c3a665.jpg"
Volkswagen Caddy Maxi,https://www.autotrader.co.uk/car-details/202309041540686?sort=relevance&advertising-location=at_cars&include-delivery-option=on&make=Volkswagen&model=Caddy%20Maxi%20Life&page=9&postcode=SW1W%200NY&fromsra,"£22,995","7,500 miles (Above Average: 34,157 miles )",2018 (67 reg),Euro 6,MPV,7,2.0L,Diesel,"https://m.atcdn.co.uk/a/media/w768/9c2d763682ef4e8da95a580971b9f0ba.jpg, https://m.atcdn.co.uk/a/media/w768/d942d38844fd4765a083ddca491b34e3.jpg, https://m.atcdn.co.uk/a/media/w768/1eb378e892754ea7bc367651648c35b7.jpg, https://m.atcdn.co.uk/a/media/w768/b2af96e834454b59bff1efd14919590f.jpg"
Volkswagen Caddy Maxi Life,https://www.autotrader.co.uk/car-details/202310183098759?sort=relevance&advertising-location=at_cars&include-delivery-option=on&make=Volkswagen&model=Caddy%20Maxi%20Life&page=9&postcode=SW1W%200NY&fromsra,"£13,995","23,000 miles (Above Average: 36,534 miles )",2015 (65 reg),Euro 5,MPV,7,1.6L,Diesel,"https://m.atcdn.co.uk/a/media/w768/a2f0b40de31b4ea2add3ce9e6459b443.jpg, https://m.atcdn.co.uk/a/media/w768/a3fbbd4c507f4726aab19ba98554ea2a.jpg, https://m.atcdn.co.uk/a/media/w768/c13aadec67d845b28f1e646ee8d0370c.jpg, https://m.atcdn.co.uk/a/media/w768/12655c0533a745ffa3a4bbb7077a1d82.jpg"
Volkswagen Caddy Maxi,https://www.autotrader.co.uk/car-details/202302224532889?journey=PROMOTED_LISTING_JOURNEY&sort=relevance&advertising-location=at_cars&include-delivery-option=on&make=Volkswagen&model=Caddy%20Maxi%20Life&page=9&postcode=SW1W%200NY&fromsra,"£16,999","41,985 miles (Above Average: 3,529 miles )",2017 (17 reg),Euro 6,MPV,5,2.0L,Diesel,"https://m.atcdn.co.uk/a/media/w768/fbf44096bd684d31a35b519b44243b54.jpg, https://m.atcdn.co.uk/a/media/w768/4c08c2ee31f14042ab3664549afd802f.jpg, https://m.atcdn.co.uk/a/media/w768/b2005e2a50a94b6db87ddda6cfbb1cbe.jpg, https://m.atcdn.co.uk/a/media/w768/bc057686d4464b95b45eed6344e7b9ef.jpg"
Peugeot Rifter,https://www.autotrader.co.uk/car-details/202309041549221?journey=YOU_MAY_ALSO_LIKE_JOURNEY&sort=relevance&advertising-location=at_cars&include-delivery-option=on&make=Volkswagen&model=Caddy%20Maxi%20Life&page=9&postcode=SW1W%200NY&fromsra,"£21,049","43,223 miles (Above Average: 17,181 miles )",2019 (69 reg),Euro 6,MPV,7,1.5L,Diesel,"https://m.atcdn.co.uk/a/media/w768/f85e4cce332c44b29c380ca4c200e867.jpg, https://m.atcdn.co.uk/a/media/w768/563bec1302fb4b00b8b7fca14497003e.jpg, https://m.atcdn.co.uk/a/media/w768/0b160a14643c4bd298f27b3e407c6deb.jpg, https://m.atcdn.co.uk/a/media/w768/4bf29cd595d54b7b836fbcc49ee5e6b5.jpg"
Volkswagen Caddy Maxi,https://www.autotrader.co.uk/car-details/202309252339786?sort=relevance&advertising-location=at_cars&include-delivery-option=on&make=Volkswagen&model=Caddy%20Maxi%20Life&page=10&postcode=SW1W%200NY&fromsra,"£24,995","9,000 miles (Above Average: 19,200 miles )",2019 (69 reg),Euro 6,MPV,7,2.0L,Diesel,"https://m.atcdn.co.uk/a/media/w768/a4676de5de6640e2b4c86d558c4aba08.jpg, https://m.atcdn.co.uk/a/media/w768/303e508ced8343c1a853fdce84a9eb14.jpg, https://m.atcdn.co.uk/a/media/w768/646422263be044a497078a31d191baa9.jpg"
Volkswagen Caddy Maxi Life,https://www.autotrader.co.uk/car-details/202309192133628?sort=relevance&advertising-location=at_cars&include-delivery-option=on&make=Volkswagen&model=Caddy%20Maxi%20Life&page=10&postcode=SW1W%200NY&fromsra,"£12,950","37,000 miles (Above Average: 41,615 miles )",2013 (62 reg),Euro 5,MPV,5,1.6L,Diesel,"https://m.atcdn.co.uk/a/media/w768/e638aec78bb0487aaeb115f245d8ca8f.jpg, https://m.atcdn.co.uk/a/media/w768/51fa6073a5da4527a9a469305d29d32e.jpg, https://m.atcdn.co.uk/a/media/w768/e70c8f4ebdc44bb7ab4956d158174d9a.jpg, https://m.atcdn.co.uk/a/media/w768/584caa6c3a594bfbb6dcbec2919359a8.jpg"
Volkswagen Caddy Maxi Life,https://www.autotrader.co.uk/car-details/202310042652460?sort=relevance&advertising-location=at_cars&include-delivery-option=on&make=Volkswagen&model=Caddy%20Maxi%20Life&page=10&postcode=SW1W%200NY&fromsra,"£11,995","65,000 miles (Above Average: 1,911 miles )",2015 (15 reg),Euro 5,MPV,5,1.6L,Diesel,"https://m.atcdn.co.uk/a/media/w768/71127fa861374b9e9e20f0d759477216.jpg, https://m.atcdn.co.uk/a/media/w768/4ad8cce0ffb54840aec2afa4f8f0bb02.jpg, https://m.atcdn.co.uk/a/media/w768/9aa927ba33e34d4094bce3ca6203c443.jpg, https://m.atcdn.co.uk/a/media/w768/2a45954fc8f24d8e9c760175196cfa83.jpg"
Volkswagen Caddy Maxi Life,https://www.autotrader.co.uk/car-details/202310132955822?sort=relevance&advertising-location=at_cars&include-delivery-option=on&make=Volkswagen&model=Caddy%20Maxi%20Life&page=10&postcode=SW1W%200NY&fromsra,"£18,695","28,000 miles (Above Average: 14,119 miles )",2018 (67 reg),Euro 6,MPV,5,2.0L,Diesel,"https://m.atcdn.co.uk/a/media/w768/9d7a30851b8e49aba1759da962d6eec7.jpg, https://m.atcdn.co.uk/a/media/w768/4ad8cce0ffb54840aec2afa4f8f0bb02.jpg, https://m.atcdn.co.uk/a/media/w768/26b9b324ba934b0ba0d0b00adec6b03c.jpg, https://m.atcdn.co.uk/a/media/w768/7991165af02e43b18388e48a7c657ccd.jpg"
Volkswagen Caddy Maxi Life,https://www.autotrader.co.uk/car-details/202309121889259?sort=relevance&advertising-location=at_cars&include-delivery-option=on&make=Volkswagen&model=Caddy%20Maxi%20Life&page=10&postcode=SW1W%200NY&fromsra,"£16,945","62,000 miles (Above Average: 7,990 miles )",2016 (16 reg),Euro 6,MPV,5,2.0L,Diesel,"https://m.atcdn.co.uk/a/media/w768/cd3f7b1f3bcb484d82cbe0bbbee45c02.jpg, https://m.atcdn.co.uk/a/media/w768/4ad8cce0ffb54840aec2afa4f8f0bb02.jpg, https://m.atcdn.co.uk/a/media/w768/cff8c12659b349138397faae51747b11.jpg, https://m.atcdn.co.uk/a/media/w768/e3a74dc504fb437a8a3edac94e905770.jpg"
Volkswagen Caddy Maxi Life,https://www.autotrader.co.uk/car-details/202309111841773?sort=relevance&advertising-location=at_cars&include-delivery-option=on&make=Volkswagen&model=Caddy%20Maxi%20Life&page=10&postcode=SW1W%200NY&fromsra,"£26,995","16,094 miles (Above Average: 6,281 miles )",2020 (70 reg),Euro 6,MPV,7,2.0L,Diesel,"https://m.atcdn.co.uk/a/media/w768/c182c7eff70048b192e9d4294b2e640c.jpg, https://m.atcdn.co.uk/a/media/w768/0736fab2950646fea20e2344c304dff6.jpg, https://m.atcdn.co.uk/a/media/w768/9c10701f5cbe48e9bfe22224baea2184.jpg, https://m.atcdn.co.uk/a/media/w768/7d71609bba70420ab1fe1867d5c2a442.jpg"
Volkswagen Caddy Maxi Life,https://www.autotrader.co.uk/car-details/202309131915748?sort=relevance&advertising-location=at_cars&include-delivery-option=on&make=Volkswagen&model=Caddy%20Maxi%20Life&page=10&postcode=SW1W%200NY&fromsra,"£25,500","21,000 miles (Above Average: 3,123 miles )",2020 (20 reg),Euro 6,MPV,5,2.0L,Diesel,"https://m.atcdn.co.uk/a/media/w768/f2b3e0f2ac774d96b62c77736cc0bb13.jpg, https://m.atcdn.co.uk/a/media/w768/4ad8cce0ffb54840aec2afa4f8f0bb02.jpg, https://m.atcdn.co.uk/a/media/w768/3e9f64c943db44c0a85bbfa5811fffce.jpg, https://m.atcdn.co.uk/a/media/w768/de33cecbc43249a2bb29e58dce5784ca.jpg"
Volkswagen Caddy Maxi Life,https://www.autotrader.co.uk/car-details/202306309107997?journey=PROMOTED_LISTING_JOURNEY&sort=relevance&advertising-location=at_cars&include-delivery-option=on&make=Volkswagen&model=Caddy%20Maxi%20Life&page=10&postcode=SW1W%200NY&fromsra,"£9,990","91,000 miles (Above Average: 15,579 miles )",2013 (13 reg),Euro 5,MPV,7,1.6L,Diesel,"https://m.atcdn.co.uk/a/media/w768/528c4073b0df4c9a8e668cd44c4fdbf2.jpg, https://m.atcdn.co.uk/a/media/w768/c6ad4c841d45420d8a5fd17802b79df9.jpg, https://m.atcdn.co.uk/a/media/w768/053bcad4753b40feab31710522df5adf.jpg, https://m.atcdn.co.uk/a/media/w768/545b59c896f948da9783aa68f63b83da.jpg"
Vauxhall Combo Life,https://www.autotrader.co.uk/car-details/202310183111801?journey=YOU_MAY_ALSO_LIKE_JOURNEY&sort=relevance&advertising-location=at_cars&include-delivery-option=on&make=Volkswagen&model=Caddy%20Maxi%20Life&page=10&postcode=SW1W%200NY&fromsra,"£16,595","15,244 miles (Above Average: 4,607 miles )",2020 (20 reg),Euro 6,MPV,5,1.2L,Petrol,"https://m.atcdn.co.uk/a/media/w768/e635de348a5a4ba3b2513a3d28c11099.jpg, https://m.atcdn.co.uk/a/media/w768/afdb2ccf670746b2b5584c7ea9f209d8.jpg, https://m.atcdn.co.uk/a/media/w768/bd47f01836424f9f897a148145a5a127.jpg, https://m.atcdn.co.uk/a/media/w768/324b7b9b34e74294a76ab0a51a9096b7.jpg"
Volkswagen Caddy Maxi Life,https://www.autotrader.co.uk/car-details/202306238857015?sort=relevance&advertising-location=at_cars&include-delivery-option=on&make=Volkswagen&model=Caddy%20Maxi%20Life&page=11&postcode=SW1W%200NY&fromsra,"£18,950","26,000 miles (Above Average: 15,718 miles )",2018 (67 reg),Euro 6,MPV,5,2.0L,Diesel,"https://m.atcdn.co.uk/a/media/w768/e08cb2aa93e04ee7bf5bc15ea8a07ef5.jpg, https://m.atcdn.co.uk/a/media/w768/6ec3405ed1934e0cb3b242e9257f9382.jpg, https://m.atcdn.co.uk/a/media/w768/891391e5c03c405ea3f2cfd9840b0568.jpg, https://m.atcdn.co.uk/a/media/w768/1d1510acfb9e4b888c7456457cb683d4.jpg"
Volkswagen Caddy Maxi Life,https://www.autotrader.co.uk/car-details/202309222252972?sort=relevance&advertising-location=at_cars&include-delivery-option=on&make=Volkswagen&model=Caddy%20Maxi%20Life&page=11&postcode=SW1W%200NY&fromsra,"£16,495","57,000 miles (Above Average: 10,582 miles )",2017 (17 reg),Euro 6,MPV,5,2.0L,Diesel,"https://m.atcdn.co.uk/a/media/w768/49315b99e3ed4d449643c48e138f81b3.jpg, https://m.atcdn.co.uk/a/media/w768/4ad8cce0ffb54840aec2afa4f8f0bb02.jpg, https://m.atcdn.co.uk/a/media/w768/51cb88f52ef44d93b3029e855959e2aa.jpg, https://m.atcdn.co.uk/a/media/w768/0bf5238e6bb34af88ac18e86958b22f4.jpg"
Volkswagen Caddy Maxi Life,https://www.autotrader.co.uk/car-details/202308291296210?sort=relevance&advertising-location=at_cars&include-delivery-option=on&make=Volkswagen&model=Caddy%20Maxi%20Life&page=11&postcode=SW1W%200NY&fromsra,"£19,695","31,000 miles (Above Average: 10,015 miles )",2018 (18 reg),Euro 6,MPV,7,2.0L,Diesel,"https://m.atcdn.co.uk/a/media/w768/a28348acdd774db286ed6837a7201736.jpg, https://m.atcdn.co.uk/a/media/w768/4ad8cce0ffb54840aec2afa4f8f0bb02.jpg, https://m.atcdn.co.uk/a/media/w768/d91ec8cd410b4d6fae68645df292d2ca.jpg, https://m.atcdn.co.uk/a/media/w768/5d661fa71ff94d2f8f2db3339cffd41e.jpg"
Volkswagen Caddy Maxi Life,https://www.autotrader.co.uk/car-details/202308100640401?sort=relevance&advertising-location=at_cars&include-delivery-option=on&make=Volkswagen&model=Caddy%20Maxi%20Life&page=11&postcode=SW1W%200NY&fromsra,"£24,500","36,000 miles (Above Average: 6,936 miles )",2019 (69 reg),Euro 6,MPV,5,2.0L,Diesel,"https://m.atcdn.co.uk/a/media/w768/f36af9b90fc3426c9a646fff44b6c8d7.jpg, https://m.atcdn.co.uk/a/media/w768/4ad8cce0ffb54840aec2afa4f8f0bb02.jpg, https://m.atcdn.co.uk/a/media/w768/3b430701a83445a0889893fc0db55a12.jpg, https://m.atcdn.co.uk/a/media/w768/674f68ec2bfa4aae98b86cc6925c384e.jpg"
Volkswagen Caddy Maxi Life,https://www.autotrader.co.uk/car-details/202308100633568?sort=relevance&advertising-location=at_cars&include-delivery-option=on&make=Volkswagen&model=Caddy%20Maxi%20Life&page=11&postcode=SW1W%200NY&fromsra,"£24,995","15,000 miles (Above Average: 12,477 miles )",2020 (69 reg),Euro 6,MPV,4,2.0L,Diesel,"https://m.atcdn.co.uk/a/media/w768/65cb9e761275483f9faa5054be3b3ce9.jpg, https://m.atcdn.co.uk/a/media/w768/1868a7b8fd5f4083b6ee3ac2b2f2ddba.jpg, https://m.atcdn.co.uk/a/media/w768/4ad8cce0ffb54840aec2afa4f8f0bb02.jpg, https://m.atcdn.co.uk/a/media/w768/1228e8fe7c1b4d7e83cc3d2b2a993f11.jpg"
Volkswagen Caddy Maxi Life,https://www.autotrader.co.uk/car-details/202310183125999?journey=PROMOTED_LISTING_JOURNEY&sort=relevance&advertising-location=at_cars&include-delivery-option=on&make=Volkswagen&model=Caddy%20Maxi%20Life&page=11&postcode=SW1W%200NY&fromsra,"£13,492","66,681 miles (Above Average: 606 miles )",2014 (14 reg),Euro 5,MPV,7,1.6L,Diesel,"https://m.atcdn.co.uk/a/media/w768/07cde8a109664684be0ab44ee8e69f19.jpg, https://m.atcdn.co.uk/a/media/w768/46780abbca674b939f992f22c0de6006.jpg, https://m.atcdn.co.uk/a/media/w768/8da2ab228f1a44beaf7518c34c381107.jpg, https://m.atcdn.co.uk/a/media/w768/766284573747472e92cbd86a56112621.jpg"
